-4.793714505029496586e-01,-1.012977334402199725e+00,7.869252587763931883e-01,-1.129081179456866257e+00,-5.308097705255628851e-01,-1.545112074489504606e+00,3.629681962075582136e-01,1.286540759039686010e-01,3.439881671073218850e-01,-1.864809504658267725e-01,-1.537395341479043553e+00,-4.145759188560242947e-01,3.839928538495385874e-02,1.392843285110827445e+00,1.114118263254958441e+00,-2.278771835256504785e-01,-1.304342223116885302e+00,1.376914390800917598e+00,2.476091540849283124e-01,-7.527371579125916590e-01,9.440439819167627533e-01
8.280052326869129509e-01,-1.291495426056512852e-01,-2.718200111052887502e-01,4.434877137636342725e-01,-5.720149264191973920e-02,8.572479549012599342e-01,-1.015618476045363483e+00,-1.256630825179761546e+00,4.029857848637772855e-01,1.114979162191737316e+00,7.780250507820510864e-01,8.177205123501367634e-01,6.910214214410820288e-01,1.016243078706691449e-01,1.198514217963682515e+00,7.073580035137680966e-01,4.125075921941350754e-01,8.176416293673452462e-02,-3.841770895853751644e-01,1.886071675431412464e-01,8.429544940138218589e-02
-1.786748133692812157e+00,-4.675596555404520904e-01,-2.804422686720038360e-01,7.392851356163666621e-01,6.288416062803084960e-01,1.248729034023507989e+00,-8.052014262096342245e-02,-1.256630825179761546e+00,-1.569954085319958059e+00,-1.771933588850447550e-01,-1.638169112685090023e-01,4.620158238812142604e-01,1.815973181446423890e-01,4.164497588121154892e-02,1.068924573757941365e+00,7.381662363859295972e-01,9.546413574126326740e-01,-5.745657059128796984e-01,7.453801339463780318e-01,-4.486207534090855265e-01,-9.123006138365342688e-01
8.280052326869129509e-01,1.129655256053203383e+00,-1.770311268260762461e-01,8.129930851440999584e-01,7.536426114513977703e-02,1.103242793838605795e+00,2.028222456090015002e-01,-1.256630825179761546e+00,2.077128149594824058e-01,1.185277164575434972e+00,-1.632550957330189401e-01,-3.238391512851450382e-02,-2.364818308748575792e-01,-4.581354607800663392e-01,1.155169648006122207e+00,-9.437640324708727046e-01,1.412219724786776043e+00,-3.600978541213401551e-01,-1.245703785499425065e+00,-3.582751223337115043e-01,3.340426903742512721e-01
8.280052326869129509e-01,-1.983798233822550716e-01,2.223942214797858696e+00,-7.330963673796363489e-01,-1.088956627730101712e+00,-1.452941135355491353e-01,7.490094645076462998e-02,2.202120777733993950e+00,4.190444982069386343e-02,1.281040437670051824e-01,-2.638357257162759484e-01,-3.543757098901573754e-01,-2.812854196850359534e-01,6.559438759891612625e-01,1.171146709029667887e+00,-7.955904660670110040e-01,1.689201901974195785e-01,1.075867938532995699e-01,-1.245703785499425065e+00,-2.024698386545705497e-01,3.340426903742512721e-01
-4.793714505029496586e-01,9.619425518117558083e-01,-1.102313667961763333e+00,1.290430040532652978e-01,-1.772758903588569079e-01,3.611409031176524564e-01,-1.652896466477170589e-01,-1.256630825179761546e+00,-6.686636144982980312e-01,-3.066332042955078330e-01,4.672913316603599654e-01,5.728814103694540583e-01,2.470276043672759991e-01,-1.723055890555876379e+00,-3.716660957865540738e-01,-2.789867400954042509e-01,5.206044665933263760e-01,-8.146939690722008187e-01,8.219602846942936081e-01,-5.039255549082292118e-01,-5.257058421411506810e-01
8.280052326869129509e-01,-4.065549320168888592e-01,-6.511018257242663365e-01,-4.232853362797820429e-01,-6.710247207721539153e-01,2.504545055625626362e-02,-9.822884916072303074e-01,2.131291195219333912e-01,1.574489128764104684e-01,-5.805345038331127805e-01,1.575517391252801436e-01,6.183005245430103214e-01,7.927136546039885712e-01,6.185277316728031716e-01,-1.149069550412576080e+00,4.613248946543209161e-01,-3.044772583113271591e-01,2.530012325292207986e-01,4.390595309547159486e-01,-5.955006013970054468e-01,5.574492102213791656e-01
-4.793714505029496586e-01,-1.806681182191022337e-03,-7.052936842882017165e-01,1.610417442455880588e+00,1.854118376858570727e+00,1.251739614898523589e+00,-6.643883950211316725e-01,3.815501355034688902e-01,-1.287375257924045391e+00,-2.436734844320586624e-01,-4.436021214996492823e+00,1.535374942121818131e+00,1.075141350463227230e+00,-4.910948190154836857e-01,-1.465185833872410415e+00,1.860151778434245839e+00,4.229975387733460046e-01,2.084108473103790937e-01,-1.494589275430151076e+00,2.909053713374055494e+00,-2.855204198714434316e+00
-1.786748133692812157e+00,2.045571259054268065e+00,1.121661817176109244e+00,-5.453807255959635530e-02,-4.960574172394376369e-01,4.672680910796172538e-01,9.201753365824884012e-01,1.258782920326128263e+00,-5.899652550849251303e-02,-2.032610700199954934e-01,-1.345889163511185260e-01,-2.371840814367542016e+00,-2.547382325756179178e+00,-2.275612418268878834e+00,2.342501637146378324e-01,-5.332538529873505073e-01,2.415264206328965990e+00,-2.928406347156149447e+00,-6.713526548900591306e-01,1.113114973399191854e+00,-5.257058421411506810e-01
8.280052326869129509e-01,8.841294979795878417e-01,7.677409761009112987e-01,1.281978979196771284e+00,1.165453001704785718e+00,1.006212883775841949e+00,4.139437931869692777e-01,1.176257919805888008e+00,1.270464271503782605e+00,1.918803727643934476e+00,2.634798316619219039e-01,7.784427031441738809e-02,-1.122545077334445168e-01,-1.482790799835273399e+00,-1.387897336114325975e-01,-3.951381917666463850e-01,6.465335686915266722e-01,-6.635926073839003569e-01,-5.564824287681855441e-01,1.184677838065036681e+00,-1.988446200100923156e-01
-4.793714505029496586e-01,-4.349089982683316813e-01,1.437465242061756854e+00,1.506784543634805684e-01,4.468078160019653411e-01,2.220868130667495999e-01,-1.814004212821482831e+00,8.466825619017626092e-01,1.700909035508783168e-02,-1.142836907944247304e+00,-5.273286384745637934e-01,-5.067961147211869077e-01,-2.580814613036581662e-01,1.491686173742808874e+00,1.868297256459216626e+00,-8.956402603678105534e-02,-4.052596201414378485e-01,4.962431708127331698e-01,-1.073398446316614629e+00,-4.438680603505181788e-01,3.340426903742512721e-01
-4.793714505029496586e-01,5.334697515799545764e-01,-1.206494279881291654e+00,-2.024077996035717267e-02,2.028104343388841546e-01,-1.363550626735750559e-01,-9.993414917850472479e-02,1.094311536610503705e-01,-1.743833387792181444e+00,-6.269878427597869175e-01,3.953941094798690825e-01,4.502448564127581876e-01,4.433734550167385269e-01,-5.425219830823218015e-01,-2.151728680705694785e+00,5.459931654960304423e-04,3.162942565287757413e-01,-6.773031918655790795e-01,1.530326679112506749e+00,2.187747514692198969e+00,-2.855204198714434316e+00
8.280052326869129509e-01,3.479570284695171489e-01,4.994669644373631034e-01,-8.950813889379716226e-01,-4.753870071210338777e-01,-1.027311657919606436e+00,2.127834851433427765e-01,8.298322744102731852e-01,5.148843499853589245e-01,-8.504601097011869060e-01,2.020981643608688594e-01,-6.298774914882414311e-02,-3.776409048417903036e-01,-3.304066176713539305e-01,-1.438157363077667839e-01,-5.144668175535228177e-02,1.777639856932491658e-01,-4.353912718928726333e-02,-1.130833559377552922e+00,-8.483516479851895831e-01,9.440439819167627533e-01
-4.793714505029496586e-01,7.731180836713732463e-01,1.069671892345155806e+00,-5.932628884701193206e-01,-8.998434549969421825e-01,1.825897580562176603e-01,-1.030890619267629704e+00,1.258866538067545227e+00,1.398272094107808616e+00,-4.873950313416756663e-01,1.027418456784552570e+00,-8.712692018143675110e-01,-5.710949045447546446e-01,-2.110797833064942119e-01,5.247898051121719920e-01,-1.002651682163656410e+00,5.349465898160264965e-01,2.252792450456698320e-02,-4.224671649593338962e-01,-8.675634622673682461e-01,1.554045273459278453e+00
2.135381915876775505e+00,7.084634100370654775e-01,-5.225476667879902504e-02,-1.441518000452301773e-01,-7.531437225378341260e-01,5.460761490108091420e-01,1.083694093459574237e+00,1.704507050009577418e-01,1.404477882401127475e+00,6.533176985261887060e-01,-1.908668838503526505e-02,8.265399879260565408e-01,6.622699777103978613e-01,-3.585561493363343954e-01,-5.432002830031855689e-01,4.271753487620248424e-01,2.482061033668787331e-01,-6.548890540856991960e-01,1.166570963059914146e+00,8.774202649147815336e-01,3.340426903742512721e-01
8.280052326869129509e-01,1.211092737318510748e+00,1.969517006689504024e-01,-8.986872084841232011e-01,-4.413877374632338424e-02,-1.429455654674252063e+00,7.652794381055652573e-02,3.968516295605312161e-01,1.660918366939759361e+00,-1.465394109750573159e+00,-4.648347119870385735e-01,-2.071164104117907412e-01,2.826621891114310461e-02,-7.102847864209541617e-01,-2.117825776446350672e-01,-2.239726315112527122e-01,9.704841544240111473e-01,-1.275561253421095165e+00,-1.609459501552023220e+00,-5.654373665183993758e-01,1.417197742736758581e+00
-4.793714505029496586e-01,5.875722347572298609e-01,-4.794754399837444225e-01,-1.469016611487664381e+00,-1.771534408174906705e+00,-1.106311759338359124e+00,-3.271497119046569146e-01,-1.315899900266065681e-01,2.523443213790123596e-01,5.863192956883346296e-01,6.135924427998649122e-01,-1.447353398405143654e+00,-9.637816765136117958e-01,-2.850215287160385302e-01,-6.614559421412010698e-01,-1.448387167029075107e+00,4.883189212584953531e-01,-6.987817829047486828e-01,-1.245703785499425065e+00,-3.968238696185920067e-01,3.340426903742512721e-01
-4.793714505029496586e-01,-1.458212584531473510e+00,1.416553992126292405e+00,1.447454249568450591e+00,1.853968819159249382e+00,9.752192701254556173e-01,-9.327462085087626642e-01,8.167994207835014286e-01,-1.266090423129143439e+00,-2.397797376113376400e-01,6.445488653463937734e-01,-1.801393004192347158e+00,-2.551191229720332743e+00,8.074231238403241084e-01,1.770552697323494407e+00,-6.846196415639833610e-01,-1.958941624932850845e+00,9.578570620521696943e-01,-2.310167880895440951e-01,1.305044771142766846e+00,-1.385454374656532650e+00
-4.793714505029496586e-01,3.193605286808937627e-01,-9.802906691024261265e-01,2.487543278917730305e+00,2.149839677525462900e+00,1.681043843940153382e+00,4.420607045994597861e-01,-1.256630825179761546e+00,-5.459291512742335539e-02,1.885119350971073304e+00,1.631601683662199931e-01,1.004137305796771518e+00,9.353880816656569008e-01,-1.129922148628182077e+00,-2.747506241518709036e-01,-1.275401498136927936e+00,2.202541967613990681e-01,-1.649987702623342215e-03,2.093190787109695805e-01,3.850669870891048063e-01,-1.988446200100923156e-01
-4.793714505029496586e-01,-1.777226252685195407e+00,-1.823515726307567864e+00,-1.833214922412036652e+00,-1.793413195993751597e+00,-1.561147483693303917e+00,-2.586056721549614856e+00,-1.256630825179761546e+00,-6.998134679818029946e-01,-6.116073248683643326e-01,-2.077522917420135951e-01,1.794685457755596625e+00,1.888597602522582797e+00,1.369946479121920468e+00,-1.165311877115700501e+00,2.593511352958791871e+00,-1.265653544852074708e+00,1.774365291276282397e+00,4.007694555807572168e-01,-9.695115892824955894e-01,8.429544940138218589e-02
-1.786748133692812157e+00,-2.012515803397700420e+00,1.124628730115949216e+00,9.247299534691011402e-02,7.575307646127167338e-01,-2.636592787273928096e-01,1.746802473188683091e+00,5.593180769792687190e-01,-1.512308194753058110e+00,-1.868003840715642516e+00,6.348490405305530215e-01,-1.527522697554930531e+00,-9.440341944784155226e-01,1.804135829209709385e+00,9.811124512942184239e-01,9.493501459010378341e-01,-1.254745928899126728e+00,2.225250048750170517e+00,1.128280887685955580e+00,-5.654373665183993758e-01,-5.257058421411506810e-01
-4.793714505029496586e-01,-1.591012300167329752e+00,-3.682886981993479525e-01,3.425743298820638216e-01,6.142256953074743953e-01,-8.951983761342903190e-01,-5.509767980142966648e-01,4.540328973552084091e-01,-1.164519518192223213e+00,5.055721250545285317e-01,2.429687749689873055e-01,8.493741989509494550e-01,7.184079637040434729e-01,1.306856740510198955e+00,-1.004309813670835716e+00,2.296337791794069716e+00,-1.448932377330706567e+00,1.519850375910262397e+00,8.985404354422090734e-01,-5.547861404369971439e-01,-1.988446200100923156e-01
8.280052326869129509e-01,-1.568485047655355721e-02,-5.634759676969367526e-01,-6.319176485880288741e-02,4.332674726837126289e-01,-1.109453286087827895e+00,7.544645859221420503e-01,-1.256630825179761546e+00,-2.888766922022776087e-02,1.798818036548652133e+00,1.223897646311820908e-01,4.402360641576115730e-01,4.265022805123679928e-01,-3.430717676905399305e-01,3.490438785914793396e-01,-8.656961770392196387e-01,-1.889645235576349891e-01,-1.860412023076010446e-01,8.411053223812728907e-01,-5.654373665183993758e-01,3.340426903742512721e-01
-4.793714505029496586e-01,6.601458226355576553e-01,-1.487508658181420529e+00,3.529060639706113056e-01,7.385534281358967224e-02,3.692983336952870288e-01,-9.755153844441771804e-01,-7.510151924950709823e-01,5.462178258297586270e-02,-1.552211095956949893e-01,5.862288564285950132e-01,3.873114934927591735e-01,5.886945525052176276e-01,7.199493957258920954e-03,-1.510867377724989247e+00,-9.141102024333008780e-01,7.968541959284733966e-01,-6.041688321886437008e-01,-2.693068634635027991e-01,-2.912594311724804874e-01,8.429544940138218589e-02
-4.793714505029496586e-01,5.753329964298979915e-01,3.251147301027754177e-01,-7.380654939329099884e-01,-5.439753921422415539e-01,-5.195528007121777980e-01,8.518001521737459392e-01,4.208777654132937474e-01,1.280675113613870542e+00,-5.141667448447815314e-01,-2.402355996478828803e-01,2.166704672570181067e-01,4.711330511564008616e-01,7.359079188320262199e-01,-1.296916940552889363e-01,6.615069802237577568e-01,3.661245152823885962e-02,-1.499628844131232486e-01,-6.713526548900591306e-01,-2.726254542939245407e-01,1.113766601902422382e+00
2.135381915876775505e+00,1.455776379252678332e+00,1.220987633065033773e+00,1.869814183332804136e-01,-1.876840536431341466e-01,5.617706062882150686e-01,2.061742948673222386e+00,1.229120886368043397e+00,1.678850684438406571e+00,5.939509383297675305e-01,5.740417017929488885e-01,3.127104514894402665e-01,2.331769182927384276e-01,-1.439609945058882401e+00,1.560844856445873508e-01,-5.601327018573550864e-01,1.274230535865048086e+00,-8.773827685943089705e-01,1.051700736938040226e+00,6.819150778423406223e-01,3.340426903742512721e-01
-4.793714505029496586e-01,-8.314039290342359889e-01,1.779745854408448513e-01,-1.758149300810761151e+00,-1.483966798939097442e+00,-1.910866649168143860e+00,1.184611716526958458e-01,7.574695046474291815e-02,-9.438381217464860695e-01,1.043101847917386804e+00,-3.025191706664474567e-01,-3.564991478385333146e-01,-8.674095532252525109e-02,3.858137348550781387e-01,2.031456683334844637e-01,-3.416869582160904084e-01,-9.017416395832938969e-01,-1.808444331199689226e-01,4.007694555807572168e-01,-1.765378276143005021e+00,5.574492102213791656e-01
8.280052326869129509e-01,-7.515232303601362407e-01,-1.271824785308435679e+00,-7.609448957974220829e-01,-4.518565669627339632e-01,-6.638441957378388159e-01,-9.966795530055597152e-02,-1.256630825179761546e+00,6.040339745790238579e-01,-7.074498846505142824e-01,-3.293371077441311495e-02,3.572435501087820216e-03,-6.065337945920635078e-04,4.109149102542109522e-01,-7.479118849713431993e-01,6.377066649187368430e-01,-7.502791685856936565e-01,6.930556090885927611e-01,-5.564824287681855441e-01,6.621509614167158109e-01,8.429544940138218589e-02
8.280052326869129509e-01,-2.886488087426332672e-01,-1.898393339127707469e-01,6.637364663867362236e-01,-3.878432224339110196e-02,1.515192399729804462e+00,9.623299991879705750e-01,-3.362231996220289565e-01,5.274946703904411782e-01,6.461847325561365096e-01,2.287661299169864437e-01,1.178849612553854787e+00,1.273493296427172350e+00,2.225025426753908797e-01,-1.199041920741716893e-01,-9.586789449479176106e-01,-7.659388731239531456e-01,2.875103979596785320e-01,6.305099078245037791e-01,2.630817631605455453e-01,3.340426903742512721e-01
-4.793714505029496586e-01,-8.160228109382664519e-01,-7.581148273850545349e-01,7.724553938739989745e-01,1.208970347337564144e+00,-6.034150721213387553e-02,1.039568837083912900e+00,-1.256630825179761546e+00,-8.192135507109975512e-01,-1.692468908054830301e+00,1.391799588585221903e+00,-1.594355732544590287e+00,-1.764628088260434380e+00,4.281929748430835514e-01,-5.707921236000289104e-03,2.578235888916712848e-01,-1.468377253713742503e+00,6.871436936541412965e-01,2.296128186591661624e+00,-7.898719729189159766e-01,8.429544940138218589e-02
